Questiontype,QuestioLevel,DisplayFormat,Question,OptionA,OptionB,OptionC,OptionD,CorrectAnswer,Explaination,Hint
1,1,1,Which of the following is a liquid at room temperature?,Ice,Oxygen,Water,Iron,"C, A","Water is a liquid at room temperature, while ice is solid, oxygen is a gas, and iron is also solid.",Liquids take the shape of their container.
1,1,1,What is the smallest unit of matter?, Molecule,Proton,Neutron,Atom,D,"The atom is the smallest unit of matter, and it combines to form molecules.",Molecules are made up of these particles.
1,1,1,Which of the following substances can easily be compressed?,Solids,Liquids,Gases,Ice,C,Gases can be easily compressed because their particles are far apart.,Think about which state of matter has widely spaced particles.
1,1,1,What type of force holds particles of a solid together?,Cohesion,Repulsion,Pressure,Magnetic,A,"Cohesion is the force of attraction between particles of the same substance, which holds solids together.",The force between particles of the same substance.
1,1,1,Which of the following does NOT occupy space?,Steam,Air,Light,Water,C,"Light is energy and does not occupy space, while steam, air, and water are forms of matter.",Matter has mass and occupies space.
3,1,1,Matter is anything that has mass and occupies space.,TRUE,FALSE,,,A,Matter is defined as anything that occupies space and has mass.,Consider the definition of matter.
3,1,1,Solids have a fixed shape and volume.,1,FALSE,,,A,"Solids have a definite shape and volume, unlike liquids or gases.",Think about how solids behave in different containers.
3,1,1,Particles in a liquid are closely packed and cannot move.,1,FALSE,,,B,"Particles in a liquid are closely packed but can move past each other, allowing the liquid to flow.",Consider how liquids take the shape of their container.
3,1,1,Gases can easily be compressed because their particles are far apart.,1,FALSE,,,A,Gases can be compressed easily because their particles are far apart and can be brought closer together.,Think about the spaces between gas particles.
3,1,1,Molecules are formed when two or more atoms combine.,1,0,,,A,Explanation: Molecules consist of two or more atoms bonded together.,Atoms combine to form larger units.
1,1,1,The smallest unit of matter is called an _______.,Atom,Molecule,Proton,Neutron,A,"The atom is the smallest unit of matter, and it combines to form molecules.",Molecules are made of this particle.
1,1,1,The movement of particles in gases is _______ compared to solids.,Minimum,Slower,Faster,Non-existent,C,Gas particles move much faster than those in solids due to weaker forces of attraction between them.,Think about how particles behave in gases.
1,1,1,The force of attraction between particles of the same substance is called _______.,Adhesion,Cohesion,Gravity,Repulsion,B,Cohesion refers to the force of attraction between particles of the same substance.,This force holds particles of the same type together.
1,1,1,Brownian motion refers to the _______ movement of particles.,Straight-line,Random,Circular,Slow,B,"Brownian motion is the random, zigzag movement of particles, first observed in liquids and gases.",Think about the erratic movement of particles in liquids and gases.
1,1,1,Liquids have a _______ volume but no fixed shape.,Fixed,Variable,Maximum,Minimum,A,"Liquids have a fixed volume but no definite shape, as they take the shape of the container.",Think about the properties of liquids.
1,2,1,Which of the following explains why solids have a definite shape?,Particles are loosely packed.,Particles are held together by strong forces of attraction.,Particles can move freely.,Particles are far apart.,B,Solids have a fixed shape because their particles are closely packed together and held in place by strong forces of attraction.,Think about how particles are arranged in solids.
1,2,1,What characteristic of matter allows liquids to flow easily?,Particles are far apart.,Particles slide past each other.,Particles are fixed in place.,Particles are tightly packed.,B,"Liquids can flow easily because their particles can slide past one another, unlike solids where particles are fixed in place.",Liquids take the shape of the container.
1,2,1,Which of the following is a characteristic property of gases?,Fixed shape and volume,Easily compressed,High density,Cannot flow,B,Gases can be compressed easily because there is a lot of space between their particles.,Gases have more space between their particles.
1,2,1,Why do gases fill the entire volume of their container?,Gases have a fixed volume.,Gas particles are closely packed.,Gas particles are in constant random motion.,Gas particles have strong forces of attraction.,C,Gas particles move randomly in all directions and spread out to fill the entire container.,Think about the movement of gas particles.
1,2,1,The particles in liquids are _______ compared to solids.,Closer,Loosely packed,Fixed in place,Far apart,B,"The particles in liquids are less tightly packed than in solids, allowing liquids to flow.","Liquids can flow, but solids cannot."
3,2,1,"In a solid, particles are free to move in all directions.",TRUE,FALSE,,,B,"In solids, particles are closely packed and cannot move freely; they vibrate in place.",Solids maintain a fixed shape.
3,2,1,The force of attraction between particles is weakest in gases.,TRUE,FALSE,,,A,"In gases, particles are far apart and the forces of attraction between them are very weak.",Think about how particles behave in gases.
3,2,1,Liquids cannot be compressed much because their particles are closely packed.,TRUE,FALSE,,,A,"Liquids are difficult to compress because their particles are relatively close together, unlike gases.","Compare the compression of solids, liquids, and gases."
3,2,1,Particles in gases are in constant random motion.,TRUE,FALSE,,,A,Gas particles move freely in all directions and are in constant random motion.,Think about how gas particles behave inside a container.
3,2,1,Solids can easily flow like liquids.,TRUE,FALSE,,,B,Solids cannot flow because their particles are held in fixed positions by strong forces of attraction.,Consider the arrangement of particles in solids.
1,2,1,Liquids take the shape of their container because their particles can _______ past each other.,Slide,Stick,Stay,Repel,A,Liquids take the shape of their container because their particles are able to slide past one another.,Think about how liquids move.
1,2,1,Solids have the _______ force of attraction between particles.,Strongest,Weakest,Random,Least,A,"Solids have the strongest force of attraction between particles, which holds them together in a fixed shape.",Solids maintain their shape because of this force.
1,2,1,The random movement of particles in gases is called _______ motion.,Cohesive,Circular,Brownian,Linear,C,Brownian motion refers to the random movement of particles in liquids and gases.,This movement was discovered by Robert Brown.
1,2,1,A substance with a definite shape and definite volume is called a _______.,Liquid,Gas,Solid,Plasma,C,"Solids have both a definite shape and volume, unlike liquids and gases.",Solids maintain both shape and volume.
1,2,1,The space between particles is the _______ in gases.,Maximum,Minimum,Least,Average,A,"In gases, the space between particles is the greatest, allowing them to be compressed.",Think about why gases can be compressed easily.
1,3,1,Which of the following correctly explains why gases can be compressed easily?,Gas particles are closely packed together.,Gas particles are far apart with large spaces between them.,Gas particles are fixed in one position.,Gas particles are bound by strong forces of attraction.,B,"Gases can be compressed easily because the particles are far apart, leaving large spaces between them that can be reduced under compression.",Think about the arrangement of gas particles.
1,3,1,Which of the following is an example of cohesion?,Attraction between water molecules,Attraction between water and glass,Attraction between air and dust particles,Attraction between oil and water,A,"Cohesion is the force of attraction between like particles, such as water molecules being attracted to each other.",Cohesion refers to forces between similar particles.
1,3,1,What property of gases allows them to fill any container completely?,Particles are tightly packed.,Particles have no fixed position and move freely.,Particles are held together by strong forces of attraction.,Particles do not move at all.,B,Gases fill the entire volume of a container because their particles move freely and rapidly in all directions.,Think about the freedom of movement in gas particles.
1,3,1,Why do solids have the strongest interparticle forces?,The particles are widely spaced apart.,The particles have maximum movement.,The particles are closely packed together.,The particles can easily slide past each other.,C,"Solids have the strongest interparticle forces because the particles are closely packed together, limiting their movement and holding them in fixed positions.",Think about the arrangement of particles in solids.
1,3,1,Which of the following states of matter has the highest density?,Gas,Liquid,Solid,Plasma,C,"Solids have the highest density because their particles are closely packed together, unlike liquids or gases, where particles are more spread out.",Think about how closely particles are packed in different states of matter.
3,3,1,The interparticle forces of attraction are negligible in gases.,TRUE,FALSE,,,A,"The interparticle forces in gases are very weak or negligible, allowing gas particles to move freely in all directions.",Consider how gas particles behave in relation to one another.
3,3,1,Solids are easily compressible because the particles are far apart.,TRUE,FALSE,,,B,"Explanation: Solids are not easily compressible because their particles are closely packed together, leaving little space for compression.",Think about how tightly particles are packed in solids.
3,3,1,Liquids cannot be compressed much because their particles are relatively close together.,TRUE,FALSE,,,A,"Liquids are difficult to compress because their particles are relatively close together, unlike gases where particles are far apart.",Compare the arrangement of particles in liquids and gases.
3,3,1,"Brownian motion is the erratic movement of small particles in a fluid, caused by collisions with fast-moving molecules.",TRUE,FALSE,,,A,Brownian motion refers to the random movement of small particles suspended in a fluid due to collisions with fast-moving fluid molecules.,Think about the movement of particles observed by Robert Brown.
3,3,1,Liquids have no definite volume and always fill the container they are in.,TRUE,FALSE,,,B,Liquids have a definite volume but no definite shape. They do not completely fill a container like gases do.,Consider how liquids behave when placed in a container.
1,3,1,The spaces between particles are the _______ in gases.,Minimum,Maximum,Least,Average,B,"The spaces between particles are the largest in gases, which is why gases can be easily compressed.",Think about the compressibility of gases.
1,3,1,The force of attraction between particles is _______ in solids compared to liquids and gases.,Stronger,Weaker,The same,Negligible,A,"The force of attraction between particles is stronger in solids, which keeps them closely packed and in fixed positions.",Think about why solids maintain a fixed shape.
1,3,1,"In liquids, particles are _______ but can still move past one another.",Non-moving,Widely spaced,Fixed in place,Closely packed,D,"In liquids, particles are closely packed but have enough space to move past each other, allowing the liquid to flow.",Think about the properties of liquids.
1,3,1,Brownian motion was first observed in _______ by Robert Brown.,Pollen grains,Dust particles,Salt crystals,Water droplets,A,Brownian motion was first observed by Robert Brown in 1827 when he noticed the erratic movement of pollen grains suspended in water.,Think about the historical context of the discovery.
1,3,1,The ability of a gas to fill the entire volume of its container is due to the _______ of its particles.,Fixed position,Strong forces of attraction,Constant random motion,Large size,C,"Gas particles are in constant random motion, which allows them to spread out and fill the entire volume of the container.",Think about how gas particles behave inside a container.
1,1,1,Which of the following is an example of a gas at room temperature?,Oxygen,Ice,Water,Coal,A,"Oxygen is a gas at room temperature, while ice, water, and coal are solid or liquid.",Think about substances that are gases in normal conditions.
1,1,1,Which state of matter has a fixed shape and volume?,Solid,Liquid,Gas,Plasma,A,"Solids have both a fixed shape and volume, unlike liquids and gases.",Solids do not change shape unless force is applied.
1,1,1,In which state of matter are particles packed most closely together?,Solid,Liquid,Gas,Plasma,A,"In solids, particles are packed tightly together, which is why solids are rigid.",Think about how particles are arranged in each state.
1,1,1,Which of the following substances is a liquid at room temperature?,Ice,Mercury,Oxygen,Salt,B,"Mercury is a metal that is liquid at room temperature, unlike the others, which are solid or gas.",Consider how mercury behaves at room temperature.
1,1,1,What is the process called when a solid changes directly into a gas?,Melting,Evaporation,Sublimation,Condensation,C,"Sublimation is the process in which a solid changes directly into a gas without becoming liquid first, such as dry ice.",This process skips the liquid state.
3,1,1,All gases have a fixed volume and shape.,TRUE,FALSE,,,B,Gases do not have a fixed volume or shape; they expand to fill the container.,Gases behave differently from solids and liquids.
3,1,1,"In solids, particles are tightly packed and cannot move freely.",TRUE,FALSE,,,A,"The particles in solids are closely packed and only vibrate in place, which is why solids have a definite shape.",Think about why solids have a definite shape.
3,1,1,Liquids can be easily compressed.,TRUE,FALSE,,,B,Liquids cannot be easily compressed because their particles are already fairly close together.,Think about how much space is between particles in a liquid.
3,1,1,Molecules are formed when two or more atoms combine.,TRUE,FALSE,,,A,Molecules consist of two or more atoms chemically bonded together.,Atoms bond together to form larger structures.
3,1,1,Particles in a gas move faster than in a solid.,TRUE,FALSE,,,A,Gas particles move much faster than those in solids because they are not held together by strong forces of attraction.,Think about how the states of matter differ in terms of particle movement.
1,1,1,The state of matter that has a fixed volume but no fixed shape is _______.,Solid,Liquid,Gas,Plasma,B,Liquids have a definite volume but take the shape of the container they are in.,Think about how liquids behave in different containers.
1,1,1,The random movement of particles in a fluid is called _______ motion.,Linear,Brownian,Circular,Fixed,B,Brownian motion is the erratic movement of particles in a fluid caused by collisions with faster-moving molecules.,This motion was observed by Robert Brown in 1827.
1,1,1,The force of attraction between particles in a solid is _______ than in liquids.,Weaker,Stronger,Equal,Non-existent,B,"The force of attraction between particles is stronger in solids, which is why they maintain a definite shape.",Think about why solids hold their shape better than liquids.
1,1,1,Particles in a gas are _______ compared to particles in a liquid.,Closer together,Far apart,Stationary,Vibrating,B,"In gases, particles are far apart compared to liquids, which is why gases can be compressed easily.",Gases can be easily compressed because of this characteristic.
1,1,1,"When a liquid changes into a gas, the process is called _______.",Freezing,Melting,Evaporation,Sublimation,C,Evaporation is the process by which a liquid turns into a gas when heated.,This happens when liquids gain enough energy to turn into gas.
1,2,1,What happens to the particles of a gas when it is compressed?,They move farther apart.,They stay the same distance apart.,They are forced closer together.,They stop moving.,C,"When gases are compressed, the particles are forced closer together, reducing the space between them.",Gases can be compressed because their particles are not tightly packed.
1,2,1,Which of the following best describes the movement of particles in a solid?,They move freely in all directions.,They vibrate in fixed positions.,They slide past each other.,They are stationary.,B,"In solids, particles vibrate in place because they are held together by strong forces of attraction.",Solids do not change shape easily.
1,2,1,Which of the following explains why liquids take the shape of their container?,Particles are tightly packed and cannot move.,Particles are loosely held and can slide over each other.,Particles are fixed in place.,Particles are far apart.,B,"Liquids take the shape of their container because their particles can move past each other, unlike in solids.",Think about how liquids flow and adapt to the shape of their container.
1,2,1,Why can gases be compressed more easily than solids or liquids?,Gases have stronger interparticle forces.,Gas particles are farther apart.,Gas particles are held together tightly.,Gas particles do not move.,B,"Gases are more compressible because their particles are far apart, leaving large spaces that can be reduced by compression.",Think about the spaces between gas particles compared to solids and liquids.
1,2,1,What happens to the movement of particles in a substance when it is heated?,They move slower.,They stay the same.,They stop moving.,They move faster.,D,"When a substance is heated, the particles gain energy and move faster, increasing their kinetic energy.",Heating a substance adds energy to its particles.
3,2,1,Liquids have a fixed volume and a fixed shape.,TRUE,FALSE,,,B,"Liquids have a fixed volume but not a fixed shape, as they take the shape of their container.",Think about how liquids behave when poured into a container.
3,2,1,"In gases, the particles are far apart and move randomly in all directions.",TRUE,FALSE,,,A,"Gas particles are far apart and move freely in all directions, which allows gases to expand and fill any container.",Gases fill the space of their container.
3,2,1,"In solids, the particles are in constant random motion and move freely.",TRUE,FALSE,,,B,"In solids, particles are tightly packed and can only vibrate in place; they cannot move freely.",Solids have a fixed shape due to particle arrangement.
3,2,1,The force of attraction between particles is strongest in gases.,TRUE,FALSE,,,B,"The force of attraction is strongest in solids, not gases, because gas particles are far apart and have weak interparticle forces.","Think about the behavior of particles in solids, liquids, and gases."
3,2,1,Sublimation is the process where a gas changes directly into a solid.,TRUE,FALSE,,,A,"Sublimation is the process where a gas changes directly into a solid or vice versa, without passing through the liquid state.",Think about processes that skip the liquid state.
1,2,1,The process by which a solid changes directly into a gas is called _______.,Evaporation,Condensation,Sublimation,Melting,C,Sublimation is when a solid turns directly into a gas without becoming liquid first.,Think of substances like dry ice that skip the liquid state.
1,2,1,"When a liquid changes into a solid, the process is called _______.",Evaporation,Freezing,Melting,Condensation,B,Freezing is the process by which a liquid turns into a solid.,Water turning into ice is an example.
1,2,1,Particles in a liquid are _______ than in a solid but closer than in a gas.,Closer,Farther apart,Stationary,Random,B,"In liquids, particles are farther apart than in solids but still closer together than in gases.","Liquids can flow, unlike solids, because of this arrangement."
1,2,1,The process of a gas changing into a liquid is called _______.,Freezing,Condensation,Sublimation,Evaporation,B,"Condensation is the process of a gas changing into a liquid, such as water vapor turning into droplets.",Think about how dew forms on a cold surface.
1,2,1,"In solids, the particles are arranged _______ in comparison to gases.",Loosely,Randomly,Closely packed,Far apart,C,"Solids have closely packed particles, which is why they maintain a definite shape, unlike gases where particles are far apart.",Solids maintain their shape because of this arrangement.
1,3,1,Which of the following best explains why gases have much lower densities than solids?,The particles in gases have stronger intermolecular forces.,The particles in gases are much farther apart than in solids.,The particles in gases are stationary and do not move.,The particles in gases are tightly packed together.,B," Gases have lower densities because their particles are far apart, unlike solids where particles are closely packed.",Think about the arrangement of particles in gases compared to solids.
1,3,1,Which of the following processes involves both a change in particle arrangement and a change in energy?,Melting,Sublimation,Freezing,Condensation,B,"Sublimation involves a direct change from solid to gas, with a significant change in energy and particle arrangement.",Consider which process skips the liquid phase and involves a direct transformation.
1,3,1,Why can gases exert pressure in all directions?,The particles in a gas are stationary.,The particles in a gas move randomly and collide with the walls of the container.,The particles in a gas are tightly bound by strong forces.,The particles in a gas move only in one direction.,B,Gas particles are in constant random motion and exert pressure as they collide with the walls of the container.,Think about how gas particles behave inside a container.
1,3,1,In which of the following cases is the interparticle force the weakest?,Solids,Liquids,Gases,Plasma,C,"In gases, the particles are far apart and the interparticle forces are very weak, allowing the particles to move freely.",Think about the movement of particles in different states of matter.
1,3,1,Which of the following explains why solids have a fixed volume and shape?,The particles in a solid move randomly and freely.,The particles in a solid are held together by strong forces of attraction and are closely packed.,The particles in a solid are very far apart and can move easily.,The particles in a solid can easily move past one another.,B,Solids have a fixed shape and volume because their particles are closely packed and held together by strong interparticle forces.,Think about how particles are arranged in a solid.
3,3,1,The interparticle forces of attraction increase as the distance between the particles increases.,TRUE,FALSE,,,B,"Interparticle forces of attraction decrease as the distance between the particles increases, which is why gases with far-apart particles have weak forces.",Think about how the distance between particles affects the forces between them.
3,3,1,Liquids can be compressed easily because their particles have large spaces between them.,TRUE,FALSE,,,B,"Liquids cannot be easily compressed because their particles are relatively close together, unlike gases where particles are far apart.",Consider how particles in liquids are arranged compared to gases.
3,3,1,Brownian motion can be observed in both liquids and gases.,TRUE,FALSE,,,A,Brownian motion refers to the random movement of particles suspended in a fluid and can be observed in both liquids and gases.,Think about how particles move in fluids.
3,3,1,"In the process of sublimation, a substance changes from a gas to a solid without becoming a liquid.",TRUE,FALSE,,,A,"Sublimation is a process where a substance transitions directly between a solid and a gas, skipping the liquid phase.",Think about the direct phase change that occurs in sublimation.
3,3,1,"The particles in solids can easily slide over each other, which is why solids flow easily.",TRUE,FALSE,,,B,"Solids do not flow easily because their particles are tightly packed and held in fixed positions by strong interparticle forces, preventing them from sliding past each other.",Consider how particles are arranged in solids compared to liquids.
1,3,1,The kinetic energy of particles _______ as the temperature of a substance increases.,Decreases,Increases,Remains constant,Becomes zero,B,"As the temperature increases, the particles gain energy, move faster, and thus have more kinetic energy.",Think about how heating a substance affects the movement of its particles.
1,3,1,The process by which a gas changes directly into a solid is called _______.,Sublimation,Deposition,Evaporation,Condensation,B,Deposition is the process by which a gas changes directly into a solid without passing through the liquid state.,This is the reverse of sublimation.
1,3,1,The force of attraction between particles in a liquid is _______ than in a gas but weaker than in a solid.,Stronger,Weaker,The same,Non-existent,A,"The force of attraction between particles in a liquid is stronger than in a gas, which allows liquids to have a definite volume, but it is weaker than in solids, where particles are held in fixed positions.",Think about how particles are held together in liquids compared to solids and gases.
1,3,1,"When the temperature of a gas decreases, the movement of its particles _______.",Increases,Remains constant,Decreases,Stops,C,"As the temperature decreases, the particles lose energy and move more slowly, reducing the kinetic energy of the gas.",Think about the relationship between temperature and particle movement.
1,3,1,The ability of a liquid to flow is due to the _______ forces of attraction between its particles.,Strong,Negligible,Moderate,Maximum,C,"Liquids can flow because the forces of attraction between their particles are moderate, allowing the particles to move past each other while still staying relatively close.",Think about how particles in a liquid can move compared to solids.
